{"cameraMode":{"drawMode":0,"name":"Shaded","section":"Shading Mode"},"sceneLighting":true,"audioPlay":false,"sceneViewState":{"showFog":false,"showMaterialUpdate":false,"showSkybox":false,"showFlares":false,"showImageEffects":false,"showParticleSystems":false},"in2DMode":false,"pivot":{"x":-2.6868362426757814,"y":0.5224807262420654,"z":0.33168843388557436},"rotation":{"x":-0.022877942770719529,"y":0.9679414629936218,"z":-0.2310418039560318,"w":-0.09584639966487885},"size":7.9435906410217289,"orthographic":false}